date,aqi
2015-01-01,205
2015-01-02,239
2015-01-03,78
2015-01-04,85
2015-01-05,397
2015-01-06,360
2015-01-07,370
2015-01-08,231
2015-01-09,54
2015-01-10,30
2015-01-11,450
2015-01-12,468
2015-01-13,265
2015-01-14,361
2015-01-15,482
2015-01-16,240
2015-01-17,257
2015-01-18,440
2015-01-19,102
2015-01-20,375
2015-01-21,192
2015-01-22,127
2015-01-23,362
2015-01-24,289
2015-01-25,148
2015-01-26,260
2015-01-27,226
2015-01-28,261
2015-01-29,44
2015-01-30,338
2015-01-31,490
2015-02-01,448
2015-02-02,267
2015-02-03,41
2015-02-04,365
2015-02-05,38
2015-02-06,52
2015-02-07,262
2015-02-08,311
2015-02-09,327
2015-02-10,437
2015-02-11,27
2015-02-12,414
2015-02-13,206
2015-02-14,494
2015-02-15,10
2015-02-16,118
2015-02-17,464
2015-02-18,209
2015-02-19,456
2015-02-20,16
2015-02-21,413
2015-02-22,136
2015-02-23,306
2015-02-24,286
2015-02-25,111
2015-02-26,466
2015-02-27,336
2015-02-28,296
2015-03-01,354
2015-03-02,109
2015-03-03,142
2015-03-04,19
2015-03-05,104
2015-03-06,498
2015-03-07,173
2015-03-08,68
2015-03-09,369
2015-03-10,21
2015-03-11,246
2015-03-12,376
2015-03-13,176
2015-03-14,74
2015-03-15,467
2015-03-16,436
2015-03-17,42
2015-03-18,404
2015-03-19,281
2015-03-20,295
2015-03-21,105
2015-03-22,216
2015-03-23,272
2015-03-24,35
2015-03-25,251
2015-03-26,359
2015-03-27,35
2015-03-28,377
2015-03-29,405
2015-03-30,240
2015-03-31,221
2015-04-01,156
2015-04-02,420
2015-04-03,87
2015-04-04,400
2015-04-05,316
2015-04-06,467
2015-04-07,479
2015-04-08,134
2015-04-09,198
2015-04-10,38
2015-04-11,452
2015-04-12,398
2015-04-13,166
2015-04-14,76
2015-04-15,458
2015-04-16,106
2015-04-17,37
2015-04-18,379
2015-04-19,118
2015-04-20,269
2015-04-21,198
2015-04-22,40
2015-04-23,252
2015-04-24,256
2015-04-25,182
2015-04-26,13
2015-04-27,150
2015-04-28,150
2015-04-29,393
2015-04-30,106
2015-05-01,139
2015-05-02,288
2015-05-03,481
2015-05-04,340
2015-05-05,420
2015-05-06,482
2015-05-07,356
2015-05-08,278
2015-05-09,82
2015-05-10,440
2015-05-11,193
2015-05-12,19
2015-05-13,443
2015-05-14,44
2015-05-15,29
2015-05-16,272
2015-05-17,126
2015-05-18,48
2015-05-19,331
2015-05-20,405
2015-05-21,225
2015-05-22,464
2015-05-23,408
2015-05-24,410
2015-05-25,85
2015-05-26,312
2015-05-27,120
2015-05-28,254
2015-05-29,45
2015-05-30,45
2015-05-31,498
2015-06-01,459
2015-06-02,490
2015-06-03,287
2015-06-04,14
2015-06-05,222
2015-06-06,360
2015-06-07,210
2015-06-08,123
2015-06-09,299
2015-06-10,88
2015-06-11,256
2015-06-12,153
2015-06-13,367
2015-06-14,296
2015-06-15,189
2015-06-16,51
2015-06-17,399
2015-06-18,290
2015-06-19,352
2015-06-20,190
2015-06-21,185
2015-06-22,183
2015-06-23,233
2015-06-24,150
2015-06-25,99
2015-06-26,288
2015-06-27,35
2015-06-28,362
2015-06-29,484
2015-06-30,48
2015-07-01,401
2015-07-02,301
2015-07-03,409
2015-07-04,493
2015-07-05,204
2015-07-06,335
2015-07-07,243
2015-07-08,84
2015-07-09,134
2015-07-10,290
2015-07-11,254
2015-07-12,282
2015-07-13,158
2015-07-14,285
2015-07-15,45
2015-07-16,4
2015-07-17,113
2015-07-18,426
2015-07-19,49
2015-07-20,103
2015-07-21,301
2015-07-22,181
2015-07-23,37
2015-07-24,391
2015-07-25,476
2015-07-26,9
2015-07-27,100
2015-07-28,413
2015-07-29,259
2015-07-30,132
2015-07-31,383
2015-08-01,277
2015-08-02,283
2015-08-03,134
2015-08-04,39
2015-08-05,208
2015-08-06,349
2015-08-07,406
2015-08-08,127
2015-08-09,47
2015-08-10,200
2015-08-11,65
2015-08-12,99
2015-08-13,250
2015-08-14,289
2015-08-15,207
2015-08-16,151
2015-08-17,196
2015-08-18,334
2015-08-19,83
2015-08-20,465
2015-08-21,454
2015-08-22,471
2015-08-23,318
2015-08-24,114
2015-08-25,63
2015-08-26,139
2015-08-27,402
2015-08-28,343
2015-08-29,184
2015-08-30,128
2015-08-31,448
2015-09-01,469
2015-09-02,245
2015-09-03,363
2015-09-04,208
2015-09-05,34
2015-09-06,332
2015-09-07,438
2015-09-08,133
2015-09-09,180
2015-09-10,148
2015-09-11,146
2015-09-12,156
2015-09-13,355
2015-09-14,193
2015-09-15,222
2015-09-16,350
2015-09-17,317
2015-09-18,180
2015-09-19,330
2015-09-20,322
2015-09-21,407
2015-09-22,123
2015-09-23,207
2015-09-24,142
2015-09-25,284
2015-09-26,96
2015-09-27,367
2015-09-28,197
2015-09-29,27
2015-09-30,186
2015-10-01,109
2015-10-02,203
2015-10-03,365
2015-10-04,293
2015-10-05,49
2015-10-06,392
2015-10-07,379
2015-10-08,359
2015-10-09,225
2015-10-10,102
2015-10-11,180
2015-10-12,21
2015-10-13,241
2015-10-14,191
2015-10-15,470
2015-10-16,37
2015-10-17,30
2015-10-18,281
2015-10-19,58
2015-10-20,224
2015-10-21,46
2015-10-22,195
2015-10-23,294
2015-10-24,314
2015-10-25,212
2015-10-26,49
2015-10-27,113
2015-10-28,225
2015-10-29,429
2015-10-30,181
2015-10-31,342
2015-11-01,222
2015-11-02,353
2015-11-03,409
2015-11-04,135
2015-11-05,430
2015-11-06,337
2015-11-07,448
2015-11-08,369
2015-11-09,200
2015-11-10,175
2015-11-11,212
2015-11-12,405
2015-11-13,304
2015-11-14,479
2015-11-15,151
2015-11-16,499
2015-11-17,187
2015-11-18,176
2015-11-19,126
2015-11-20,158
2015-11-21,415
2015-11-22,109
2015-11-23,418
2015-11-24,105
2015-11-25,18
2015-11-26,476
2015-11-27,186
2015-11-28,91
2015-11-29,66
2015-11-30,111
2015-12-01,102
2015-12-02,451
2015-12-03,77
2015-12-04,324
2015-12-05,485
2015-12-06,476
2015-12-07,258
2015-12-08,343
2015-12-09,119
2015-12-10,267
2015-12-11,89
2015-12-12,254
2015-12-13,492
2015-12-14,315
2015-12-15,368
2015-12-16,391
2015-12-17,207
2015-12-18,305
2015-12-19,169
2015-12-20,388
2015-12-21,350
2015-12-22,297
2015-12-23,288
2015-12-24,145
2015-12-25,361
2015-12-26,273
2015-12-27,423
2015-12-28,330
2015-12-29,246
2015-12-30,40
2015-12-31,448
2016-01-01,381
2016-01-02,246
2016-01-03,320
2016-01-04,377
2016-01-05,54
2016-01-06,56
2016-01-07,154
2016-01-08,471
2016-01-09,360
2016-01-10,335
2016-01-11,80
2016-01-12,220
2016-01-13,472
2016-01-14,424
2016-01-15,119
2016-01-16,175
2016-01-17,96
2016-01-18,407
2016-01-19,422
2016-01-20,292
2016-01-21,213
2016-01-22,135
2016-01-23,162
2016-01-24,354
2016-01-25,16
2016-01-26,460
2016-01-27,256
2016-01-28,125
2016-01-29,222
2016-01-30,253
2016-01-31,144
2016-02-01,458
2016-02-02,19
2016-02-03,159
2016-02-04,246
2016-02-05,109
2016-02-06,174
2016-02-07,349
2016-02-08,293
2016-02-09,37
2016-02-10,197
2016-02-11,288
2016-02-12,358
2016-02-13,50
2016-02-14,32
2016-02-15,146
2016-02-16,7
2016-02-17,48
2016-02-18,288
2016-02-19,279
2016-02-20,121
2016-02-21,278
2016-02-22,466
2016-02-23,238
2016-02-24,317
2016-02-25,326
2016-02-26,25
2016-02-27,477
2016-02-28,103
2016-02-29,110
2016-03-01,422
2016-03-02,225
2016-03-03,324
2016-03-04,58
2016-03-05,298
2016-03-06,432
2016-03-07,229
2016-03-08,309
2016-03-09,322
2016-03-10,414
2016-03-11,444
2016-03-12,258
2016-03-13,247
2016-03-14,417
2016-03-15,52
2016-03-16,304
2016-03-17,164
2016-03-18,262
2016-03-19,248
2016-03-20,60
2016-03-21,281
2016-03-22,137
2016-03-23,21
2016-03-24,178
2016-03-25,139
2016-03-26,441
2016-03-27,404
2016-03-28,301
2016-03-29,378
2016-03-30,59
2016-03-31,146
2016-04-01,347
2016-04-02,391
2016-04-03,365
2016-04-04,19
2016-04-05,141
2016-04-06,133
2016-04-07,85
2016-04-08,327
2016-04-09,140
2016-04-10,79
2016-04-11,480
2016-04-12,320
2016-04-13,380
2016-04-14,131
2016-04-15,39
2016-04-16,481
2016-04-17,375
2016-04-18,42
2016-04-19,73
2016-04-20,207
2016-04-21,484
2016-04-22,63
2016-04-23,426
2016-04-24,456
2016-04-25,78
2016-04-26,55
2016-04-27,124
2016-04-28,114
2016-04-29,181
2016-04-30,497
2016-05-01,377
2016-05-02,277
2016-05-03,43
2016-05-04,217
2016-05-05,150
2016-05-06,433
2016-05-07,181
2016-05-08,436
2016-05-09,352
2016-05-10,135
2016-05-11,196
2016-05-12,192
2016-05-13,266
2016-05-14,118
2016-05-15,222
2016-05-16,15
2016-05-17,176
2016-05-18,432
2016-05-19,433
2016-05-20,267
2016-05-21,244
2016-05-22,59
2016-05-23,479
2016-05-24,325
2016-05-25,289
2016-05-26,319
2016-05-27,249
2016-05-28,472
2016-05-29,291
2016-05-30,235
2016-05-31,99
2016-06-01,381
2016-06-02,497
2016-06-03,390
2016-06-04,378
2016-06-05,316
2016-06-06,434
2016-06-07,401
2016-06-08,107
2016-06-09,165
2016-06-10,331
2016-06-11,356
2016-06-12,212
2016-06-13,489
2016-06-14,470
2016-06-15,290
2016-06-16,477
2016-06-17,52
2016-06-18,250
2016-06-19,218
2016-06-20,85
2016-06-21,396
2016-06-22,103
2016-06-23,39
2016-06-24,316
2016-06-25,273
2016-06-26,335
2016-06-27,311
2016-06-28,328
2016-06-29,138
2016-06-30,379
2016-07-01,236
2016-07-02,478
2016-07-03,482
2016-07-04,41
2016-07-05,208
2016-07-06,169
2016-07-07,111
2016-07-08,230
2016-07-09,208
2016-07-10,361
2016-07-11,141
2016-07-12,161
2016-07-13,43
2016-07-14,279
2016-07-15,388
2016-07-16,421
2016-07-17,29
2016-07-18,482
2016-07-19,46
2016-07-20,169
2016-07-21,322
2016-07-22,83
2016-07-23,219
2016-07-24,140
2016-07-25,327
2016-07-26,402
2016-07-27,375
2016-07-28,161
2016-07-29,11
2016-07-30,107
2016-07-31,20
2016-08-01,437
2016-08-02,204
2016-08-03,266
2016-08-04,433
2016-08-05,447
2016-08-06,437
2016-08-07,342
2016-08-08,477
2016-08-09,279
2016-08-10,189
2016-08-11,20
2016-08-12,472
2016-08-13,96
2016-08-14,52
2016-08-15,429
2016-08-16,106
2016-08-17,473
2016-08-18,328
2016-08-19,136
2016-08-20,477
2016-08-21,468
2016-08-22,86
2016-08-23,351
2016-08-24,193
2016-08-25,189
2016-08-26,298
2016-08-27,415
2016-08-28,256
2016-08-29,495
2016-08-30,100
2016-08-31,316
2016-09-01,223
2016-09-02,198
2016-09-03,355
2016-09-04,500
2016-09-05,75
2016-09-06,450
2016-09-07,206
2016-09-08,71
2016-09-09,63
2016-09-10,277
2016-09-11,88
2016-09-12,341
2016-09-13,204
2016-09-14,86
2016-09-15,342
2016-09-16,216
2016-09-17,161
2016-09-18,157
2016-09-19,467
2016-09-20,392
2016-09-21,195
2016-09-22,48
2016-09-23,38
2016-09-24,23
2016-09-25,19
2016-09-26,71
2016-09-27,214
2016-09-28,320
2016-09-29,87
2016-09-30,342
2016-10-01,379
2016-10-02,439
2016-10-03,476
2016-10-04,391
2016-10-05,131
2016-10-06,173
2016-10-07,459
2016-10-08,169
2016-10-09,381
2016-10-10,181
2016-10-11,39
2016-10-12,215
2016-10-13,16
2016-10-14,230
2016-10-15,208
2016-10-16,358
2016-10-17,327
2016-10-18,181
2016-10-19,209
2016-10-20,46
2016-10-21,277
2016-10-22,295
2016-10-23,394
2016-10-24,466
2016-10-25,485
2016-10-26,321
2016-10-27,292
2016-10-28,350
2016-10-29,125
2016-10-30,40
2016-10-31,218
2016-11-01,3
2016-11-02,476
2016-11-03,111
2016-11-04,464
2016-11-05,474
2016-11-06,374
2016-11-07,321
2016-11-08,357
2016-11-09,168
2016-11-10,286
2016-11-11,438
2016-11-12,265
2016-11-13,86
2016-11-14,328
2016-11-15,295
2016-11-16,203
2016-11-17,164
2016-11-18,335
2016-11-19,444
2016-11-20,278
2016-11-21,397
2016-11-22,92
2016-11-23,2
2016-11-24,272
2016-11-25,416
2016-11-26,335
2016-11-27,423
2016-11-28,62
2016-11-29,51
2016-11-30,423
2016-12-01,296
2016-12-02,285
2016-12-03,231
2016-12-04,337
2016-12-05,492
2016-12-06,246
2016-12-07,161
2016-12-08,130
2016-12-09,74
2016-12-10,27
2016-12-11,366
2016-12-12,393
2016-12-13,97
2016-12-14,127
2016-12-15,393
2016-12-16,435
2016-12-17,201
2016-12-18,183
2016-12-19,400
2016-12-20,400
2016-12-21,364
2016-12-22,293
2016-12-23,22
2016-12-24,470
2016-12-25,246
2016-12-26,450
2016-12-27,409
2016-12-28,406
2016-12-29,211
2016-12-30,34
2016-12-31,475
2017-01-01,168
2017-01-02,148
2017-01-03,252
2017-01-04,349
2017-01-05,334
2017-01-06,273
2017-01-07,78
2017-01-08,446
2017-01-09,81
2017-01-10,495
2017-01-11,168
2017-01-12,190
2017-01-13,156
2017-01-14,115
2017-01-15,325
2017-01-16,44
2017-01-17,359
2017-01-18,454
2017-01-19,13
2017-01-20,27
2017-01-21,323
2017-01-22,69
2017-01-23,425
2017-01-24,335
2017-01-25,125
2017-01-26,37
2017-01-27,380
2017-01-28,249
2017-01-29,417
2017-01-30,22
2017-01-31,384
2017-02-01,292
2017-02-02,357
2017-02-03,350
2017-02-04,58
2017-02-05,348
2017-02-06,449
2017-02-07,96
2017-02-08,23
2017-02-09,452
2017-02-10,64
2017-02-11,422
2017-02-12,187
2017-02-13,273
2017-02-14,203
2017-02-15,295
2017-02-16,189
2017-02-17,265
2017-02-18,164
2017-02-19,25
2017-02-20,293
2017-02-21,326
2017-02-22,252
2017-02-23,51
2017-02-24,497
2017-02-25,183
2017-02-26,22
2017-02-27,345
2017-02-28,204
2017-03-01,383
2017-03-02,187
2017-03-03,325
2017-03-04,167
2017-03-05,65
2017-03-06,382
2017-03-07,60
2017-03-08,380
2017-03-09,432
2017-03-10,371
2017-03-11,390
2017-03-12,185
2017-03-13,117
2017-03-14,149
2017-03-15,322
2017-03-16,373
2017-03-17,273
2017-03-18,237
2017-03-19,97
2017-03-20,64
2017-03-21,479
2017-03-22,366
2017-03-23,445
2017-03-24,345
2017-03-25,388
2017-03-26,298
2017-03-27,197
2017-03-28,55
2017-03-29,260
2017-03-30,196
2017-03-31,243
2017-04-01,311
2017-04-02,223
2017-04-03,138
2017-04-04,319
2017-04-05,358
2017-04-06,131
2017-04-07,282
2017-04-08,147
2017-04-09,364
2017-04-10,266
2017-04-11,15
2017-04-12,480
2017-04-13,205
2017-04-14,107
2017-04-15,469
2017-04-16,350
2017-04-17,456
2017-04-18,38
2017-04-19,350
2017-04-20,355
2017-04-21,281
2017-04-22,186
2017-04-23,474
2017-04-24,251
2017-04-25,314
2017-04-26,178
2017-04-27,125
2017-04-28,384
2017-04-29,286
2017-04-30,136
2017-05-01,210
2017-05-02,185
2017-05-03,415
2017-05-04,380
2017-05-05,472
2017-05-06,251
2017-05-07,93
2017-05-08,121
2017-05-09,447
2017-05-10,39
2017-05-11,192
2017-05-12,273
2017-05-13,89
2017-05-14,424
2017-05-15,343
2017-05-16,126
2017-05-17,210
2017-05-18,431
2017-05-19,89
2017-05-20,440
2017-05-21,144
2017-05-22,411
2017-05-23,247
2017-05-24,58
2017-05-25,420
2017-05-26,169
2017-05-27,129
2017-05-28,325
2017-05-29,395
2017-05-30,238
2017-05-31,364
2017-06-01,366
2017-06-02,175
2017-06-03,78
2017-06-04,470
2017-06-05,251
2017-06-06,246
2017-06-07,196
2017-06-08,321
2017-06-09,330
2017-06-10,230
2017-06-11,466
2017-06-12,427
2017-06-13,425
2017-06-14,2
2017-06-15,435
2017-06-16,489
2017-06-17,500
2017-06-18,370
2017-06-19,310
2017-06-20,97
2017-06-21,132
2017-06-22,499
2017-06-23,486
2017-06-24,143
2017-06-25,302
2017-06-26,295
2017-06-27,76
2017-06-28,62
2017-06-29,173
2017-06-30,237
2017-07-01,340
2017-07-02,97
2017-07-03,166
2017-07-04,37
2017-07-05,164
2017-07-06,463
2017-07-07,89
2017-07-08,377
2017-07-09,369
2017-07-10,17
2017-07-11,41
2017-07-12,269
2017-07-13,58
2017-07-14,460
2017-07-15,52
2017-07-16,168
2017-07-17,98
2017-07-18,91
2017-07-19,134
2017-07-20,140
2017-07-21,338
2017-07-22,309
2017-07-23,76
2017-07-24,179
2017-07-25,197
2017-07-26,5
2017-07-27,273
2017-07-28,1
2017-07-29,352
2017-07-30,413
2017-07-31,287
2017-08-01,299
2017-08-02,220
2017-08-03,123
2017-08-04,469
2017-08-05,177
2017-08-06,221
2017-08-07,175
2017-08-08,415
2017-08-09,101
2017-08-10,355
2017-08-11,299
2017-08-12,261
2017-08-13,268
2017-08-14,325
2017-08-15,114
2017-08-16,312
2017-08-17,268
2017-08-18,133
2017-08-19,396
2017-08-20,116
2017-08-21,301
2017-08-22,158
2017-08-23,16
2017-08-24,146
2017-08-25,419
2017-08-26,473
2017-08-27,494
2017-08-28,154
2017-08-29,399
2017-08-30,299
2017-08-31,284
2017-09-01,231
2017-09-02,115
2017-09-03,430
2017-09-04,56
2017-09-05,88
2017-09-06,236
2017-09-07,484
2017-09-08,334
2017-09-09,136
2017-09-10,237
2017-09-11,342
2017-09-12,321
2017-09-13,488
2017-09-14,162
2017-09-15,20
2017-09-16,409
2017-09-17,388
2017-09-18,94
2017-09-19,480
2017-09-20,286
2017-09-21,453
2017-09-22,309
2017-09-23,18
2017-09-24,315
2017-09-25,128
2017-09-26,389
2017-09-27,81
2017-09-28,91
2017-09-29,355
2017-09-30,56
2017-10-01,258
2017-10-02,421
2017-10-03,286
2017-10-04,417
2017-10-05,104
2017-10-06,363
2017-10-07,392
2017-10-08,306
2017-10-09,84
2017-10-10,110
2017-10-11,69
2017-10-12,240
2017-10-13,352
2017-10-14,24
2017-10-15,469
2017-10-16,354
2017-10-17,365
2017-10-18,72
2017-10-19,385
2017-10-20,404
2017-10-21,473
2017-10-22,404
2017-10-23,62
2017-10-24,145
2017-10-25,136
2017-10-26,488
2017-10-27,77
2017-10-28,192
2017-10-29,409
2017-10-30,126
2017-10-31,419
2017-11-01,41
2017-11-02,8
2017-11-03,79
2017-11-04,273
2017-11-05,292
2017-11-06,178
2017-11-07,141
2017-11-08,436
2017-11-09,374
2017-11-10,229
2017-11-11,400
2017-11-12,323
2017-11-13,284
2017-11-14,191
2017-11-15,70
2017-11-16,286
2017-11-17,488
2017-11-18,90
2017-11-19,141
2017-11-20,260
2017-11-21,430
2017-11-22,257
2017-11-23,213
2017-11-24,234
2017-11-25,108
2017-11-26,288
2017-11-27,404
2017-11-28,177
2017-11-29,250
2017-11-30,71
2017-12-01,275
2017-12-02,325
2017-12-03,414
2017-12-04,396
2017-12-05,238
2017-12-06,376
2017-12-07,388
2017-12-08,85
2017-12-09,239
2017-12-10,480
2017-12-11,402
2017-12-12,123
2017-12-13,328
2017-12-14,197
2017-12-15,194
2017-12-16,65
2017-12-17,381
2017-12-18,264
2017-12-19,195
2017-12-20,7
2017-12-21,400
2017-12-22,167
2017-12-23,13
2017-12-24,366
2017-12-25,124
2017-12-26,69
2017-12-27,407
2017-12-28,328
2017-12-29,383
2017-12-30,363
2017-12-31,19
2018-01-01,424
2018-01-02,252
2018-01-03,397
2018-01-04,284
2018-01-05,72
2018-01-06,164
2018-01-07,181
2018-01-08,335
2018-01-09,201
2018-01-10,151
2018-01-11,125
2018-01-12,319
2018-01-13,270
2018-01-14,17
2018-01-15,306
2018-01-16,194
2018-01-17,104
2018-01-18,198
2018-01-19,160
2018-01-20,357
2018-01-21,2
2018-01-22,91
2018-01-23,364
2018-01-24,208
2018-01-25,295
2018-01-26,222
2018-01-27,405
2018-01-28,459
2018-01-29,151
2018-01-30,294
2018-01-31,290
2018-02-01,126
2018-02-02,363
2018-02-03,362
2018-02-04,165
2018-02-05,180
2018-02-06,27
2018-02-07,296
2018-02-08,299
2018-02-09,420
2018-02-10,113
2018-02-11,250
2018-02-12,406
2018-02-13,221
2018-02-14,377
2018-02-15,126
2018-02-16,344
2018-02-17,378
2018-02-18,398
2018-02-19,10
2018-02-20,200
2018-02-21,69
2018-02-22,324
2018-02-23,479
2018-02-24,49
2018-02-25,181
2018-02-26,361
2018-02-27,120
2018-02-28,426
2018-03-01,340
2018-03-02,394
2018-03-03,93
2018-03-04,91
2018-03-05,177
2018-03-06,60
2018-03-07,42
2018-03-08,387
2018-03-09,369
2018-03-10,84
2018-03-11,12
2018-03-12,7
2018-03-13,279
2018-03-14,220
2018-03-15,234
2018-03-16,175
2018-03-17,199
2018-03-18,38
2018-03-19,2
2018-03-20,297
2018-03-21,304
2018-03-22,260
2018-03-23,414
2018-03-24,176
2018-03-25,186
2018-03-26,343
2018-03-27,130
2018-03-28,30
2018-03-29,373
2018-03-30,184
2018-03-31,392
2018-04-01,232
2018-04-02,317
2018-04-03,234
2018-04-04,306
2018-04-05,30
2018-04-06,461
2018-04-07,39
2018-04-08,247
2018-04-09,74
2018-04-10,298
2018-04-11,233
2018-04-12,305
2018-04-13,282
2018-04-14,385
2018-04-15,103
2018-04-16,167
2018-04-17,456
2018-04-18,285
2018-04-19,278
2018-04-20,366
2018-04-21,364
2018-04-22,360
2018-04-23,410
2018-04-24,417
2018-04-25,236
2018-04-26,212
2018-04-27,294
2018-04-28,203
2018-04-29,418
2018-04-30,150
2018-05-01,103
2018-05-02,296
2018-05-03,489
2018-05-04,157
2018-05-05,335
2018-05-06,421
2018-05-07,169
2018-05-08,94
2018-05-09,248
2018-05-10,256
2018-05-11,270
2018-05-12,266
2018-05-13,227
2018-05-14,208
2018-05-15,285
2018-05-16,85
2018-05-17,285
2018-05-18,413
2018-05-19,340
2018-05-20,25
2018-05-21,284
2018-05-22,286
2018-05-23,486
2018-05-24,382
2018-05-25,416
2018-05-26,168
2018-05-27,360
2018-05-28,320
2018-05-29,477
2018-05-30,66
2018-05-31,17
2018-06-01,27
2018-06-02,77
2018-06-03,467
2018-06-04,61
2018-06-05,448
2018-06-06,95
2018-06-07,318
2018-06-08,147
2018-06-09,467
2018-06-10,56
2018-06-11,271
2018-06-12,88
2018-06-13,309
2018-06-14,66
2018-06-15,212
2018-06-16,87
2018-06-17,455
2018-06-18,180
2018-06-19,291
2018-06-20,269
2018-06-21,245
2018-06-22,167
2018-06-23,372
2018-06-24,253
2018-06-25,109
2018-06-26,287
2018-06-27,361
2018-06-28,355
2018-06-29,31
2018-06-30,371
2018-07-01,110
2018-07-02,389
2018-07-03,88
2018-07-04,417
2018-07-05,90
2018-07-06,341
2018-07-07,193
2018-07-08,46
2018-07-09,441
2018-07-10,483
2018-07-11,165
2018-07-12,478
2018-07-13,48
2018-07-14,282
2018-07-15,101
2018-07-16,16
2018-07-17,199
2018-07-18,443
2018-07-19,385
2018-07-20,213
2018-07-21,378
2018-07-22,241
2018-07-23,380
2018-07-24,469
2018-07-25,156
2018-07-26,101
2018-07-27,157
2018-07-28,101
2018-07-29,415
2018-07-30,421
2018-07-31,358
2018-08-01,412
2018-08-02,78
2018-08-03,310
2018-08-04,395
2018-08-05,363
2018-08-06,25
2018-08-07,385
2018-08-08,460
2018-08-09,137
2018-08-10,4
2018-08-11,45
2018-08-12,264
2018-08-13,90
2018-08-14,208
2018-08-15,320
2018-08-16,163
2018-08-17,83
2018-08-18,28
2018-08-19,244
2018-08-20,395
2018-08-21,343
2018-08-22,346
2018-08-23,183
2018-08-24,139
2018-08-25,50
2018-08-26,465
2018-08-27,143
2018-08-28,56
2018-08-29,225
2018-08-30,374
2018-08-31,398
2018-09-01,200
2018-09-02,349
2018-09-03,68
2018-09-04,54
2018-09-05,118
2018-09-06,471
2018-09-07,220
2018-09-08,445
2018-09-09,449
2018-09-10,331
2018-09-11,199
2018-09-12,1
2018-09-13,338
2018-09-14,312
2018-09-15,289
2018-09-16,489
2018-09-17,116
2018-09-18,225
2018-09-19,210
2018-09-20,481
2018-09-21,164
2018-09-22,388
2018-09-23,114
2018-09-24,101
2018-09-25,259
2018-09-26,43
2018-09-27,269
2018-09-28,210
2018-09-29,34
2018-09-30,269
2018-10-01,358
2018-10-02,78
2018-10-03,23
2018-10-04,458
2018-10-05,299
2018-10-06,211
2018-10-07,198
2018-10-08,31
2018-10-09,218
2018-10-10,475
2018-10-11,87
2018-10-12,309
2018-10-13,345
2018-10-14,295
2018-10-15,484
2018-10-16,214
2018-10-17,207
2018-10-18,300
2018-10-19,314
2018-10-20,360
2018-10-21,50
2018-10-22,59
2018-10-23,264
2018-10-24,493
2018-10-25,187
2018-10-26,484
2018-10-27,189
2018-10-28,322
2018-10-29,1
2018-10-30,27
2018-10-31,473
2018-11-01,216
2018-11-02,280
2018-11-03,481
2018-11-04,445
2018-11-05,190
2018-11-06,79
2018-11-07,362
2018-11-08,280
2018-11-09,32
2018-11-10,43
2018-11-11,5
2018-11-12,45
2018-11-13,172
2018-11-14,139
2018-11-15,62
2018-11-16,410
2018-11-17,481
2018-11-18,58
2018-11-19,294
2018-11-20,257
2018-11-21,248
2018-11-22,258
2018-11-23,77
2018-11-24,154
2018-11-25,123
2018-11-26,27
2018-11-27,241
2018-11-28,150
2018-11-29,98
2018-11-30,284
2018-12-01,248
2018-12-02,425
2018-12-03,264
2018-12-04,226
2018-12-05,395
2018-12-06,353
2018-12-07,133
2018-12-08,371
2018-12-09,459
2018-12-10,273
2018-12-11,17
2018-12-12,348
2018-12-13,120
2018-12-14,4
2018-12-15,301
2018-12-16,301
2018-12-17,73
2018-12-18,99
2018-12-19,101
2018-12-20,103
2018-12-21,418
2018-12-22,0
2018-12-23,2
2018-12-24,123
2018-12-25,245
2018-12-26,136
2018-12-27,84
2018-12-28,193
2018-12-29,389
2018-12-30,24
2018-12-31,40
2019-01-01,160
2019-01-02,343
2019-01-03,467
2019-01-04,222
2019-01-05,214
2019-01-06,55
2019-01-07,289
2019-01-08,242
2019-01-09,248
2019-01-10,449
2019-01-11,284
2019-01-12,88
2019-01-13,434
2019-01-14,283
2019-01-15,55
2019-01-16,223
2019-01-17,108
2019-01-18,100
2019-01-19,75
2019-01-20,28
2019-01-21,145
2019-01-22,66
2019-01-23,32
2019-01-24,156
2019-01-25,49
2019-01-26,237
2019-01-27,473
2019-01-28,15
2019-01-29,38
2019-01-30,420
2019-01-31,295
2019-02-01,57
2019-02-02,352
2019-02-03,376
2019-02-04,218
2019-02-05,416
2019-02-06,328
2019-02-07,346
2019-02-08,246
2019-02-09,369
2019-02-10,417
2019-02-11,400
2019-02-12,91
2019-02-13,385
2019-02-14,276
2019-02-15,292
2019-02-16,364
2019-02-17,207
2019-02-18,369
2019-02-19,185
2019-02-20,87
2019-02-21,361
2019-02-22,434
2019-02-23,199
2019-02-24,117
2019-02-25,105
2019-02-26,398
2019-02-27,201
2019-02-28,309
2019-03-01,463
2019-03-02,152
2019-03-03,450
2019-03-04,315
2019-03-05,230
2019-03-06,1
2019-03-07,398
2019-03-08,247
2019-03-09,444
2019-03-10,185
2019-03-11,247
2019-03-12,275
2019-03-13,418
2019-03-14,178
2019-03-15,404
2019-03-16,386
2019-03-17,392
2019-03-18,360
2019-03-19,411
2019-03-20,295
2019-03-21,45
2019-03-22,482
2019-03-23,304
2019-03-24,455
2019-03-25,72
2019-03-26,343
2019-03-27,66
2019-03-28,494
2019-03-29,467
2019-03-30,200
2019-03-31,293
2019-04-01,214
2019-04-02,71
2019-04-03,372
2019-04-04,341
2019-04-05,172
2019-04-06,96
2019-04-07,247
2019-04-08,54
2019-04-09,333
2019-04-10,117
2019-04-11,7
2019-04-12,351
2019-04-13,245
2019-04-14,351
2019-04-15,379
2019-04-16,324
2019-04-17,419
2019-04-18,23
2019-04-19,426
2019-04-20,309
2019-04-21,482
2019-04-22,271
2019-04-23,389
2019-04-24,167
2019-04-25,63
2019-04-26,442
2019-04-27,12
2019-04-28,479
2019-04-29,329
2019-04-30,375
2019-05-01,302
2019-05-02,493
2019-05-03,321
2019-05-04,346
2019-05-05,19
2019-05-06,395
2019-05-07,383
2019-05-08,10
2019-05-09,407
2019-05-10,316
2019-05-11,400
2019-05-12,157
2019-05-13,337
2019-05-14,207
2019-05-15,330
2019-05-16,290
2019-05-17,162
2019-05-18,421
2019-05-19,411
2019-05-20,303
2019-05-21,483
2019-05-22,200
2019-05-23,85
2019-05-24,262
2019-05-25,25
2019-05-26,458
2019-05-27,42
2019-05-28,451
2019-05-29,26
2019-05-30,2
2019-05-31,201
2019-06-01,383
2019-06-02,138
2019-06-03,143
2019-06-04,190
2019-06-05,102
2019-06-06,367
2019-06-07,334
2019-06-08,340
2019-06-09,128
2019-06-10,378
2019-06-11,378
2019-06-12,68
2019-06-13,181
2019-06-14,490
2019-06-15,457
2019-06-16,296
2019-06-17,214
2019-06-18,203
2019-06-19,51
2019-06-20,1
2019-06-21,128
2019-06-22,377
2019-06-23,3
2019-06-24,438
2019-06-25,75
2019-06-26,87
2019-06-27,453
2019-06-28,201
2019-06-29,105
2019-06-30,251
2019-07-01,68
2019-07-02,449
2019-07-03,463
2019-07-04,204
2019-07-05,250
2019-07-06,336
2019-07-07,169
2019-07-08,367
2019-07-09,463
2019-07-10,477
2019-07-11,246
2019-07-12,141
2019-07-13,339
2019-07-14,243
2019-07-15,465
2019-07-16,42
2019-07-17,142
2019-07-18,235
2019-07-19,398
2019-07-20,7
2019-07-21,5
2019-07-22,80
2019-07-23,370
2019-07-24,283
2019-07-25,114
2019-07-26,306
2019-07-27,74
2019-07-28,483
2019-07-29,362
2019-07-30,167
2019-07-31,355
2019-08-01,302
2019-08-02,498
2019-08-03,324
2019-08-04,456
2019-08-05,13
2019-08-06,3
2019-08-07,76
2019-08-08,55
2019-08-09,114
2019-08-10,263
2019-08-11,460
2019-08-12,452
2019-08-13,121
2019-08-14,128
2019-08-15,211
2019-08-16,112
2019-08-17,232
2019-08-18,44
2019-08-19,116
2019-08-20,277
2019-08-21,275
2019-08-22,364
2019-08-23,398
2019-08-24,420
2019-08-25,212
2019-08-26,354
2019-08-27,328
2019-08-28,341
2019-08-29,248
2019-08-30,330
2019-08-31,454
2019-09-01,260
2019-09-02,364
2019-09-03,289
2019-09-04,360
2019-09-05,196
2019-09-06,43
2019-09-07,179
2019-09-08,131
2019-09-09,357
2019-09-10,293
2019-09-11,264
2019-09-12,190
2019-09-13,123
2019-09-14,215
2019-09-15,362
2019-09-16,386
2019-09-17,214
2019-09-18,111
2019-09-19,386
2019-09-20,320
2019-09-21,63
2019-09-22,482
2019-09-23,345
2019-09-24,209
2019-09-25,450
2019-09-26,107
2019-09-27,250
2019-09-28,223
2019-09-29,110
2019-09-30,386
2019-10-01,410
2019-10-02,464
2019-10-03,10
2019-10-04,486
2019-10-05,344
2019-10-06,166
2019-10-07,49
2019-10-08,218
2019-10-09,375
2019-10-10,441
2019-10-11,366
2019-10-12,97
2019-10-13,144
2019-10-14,8
2019-10-15,280
2019-10-16,416
2019-10-17,434
2019-10-18,144
2019-10-19,387
2019-10-20,205
2019-10-21,255
2019-10-22,417
2019-10-23,99
2019-10-24,357
2019-10-25,322
2019-10-26,69
2019-10-27,203
2019-10-28,252
2019-10-29,95
2019-10-30,461
2019-10-31,412
2019-11-01,357
2019-11-02,225
2019-11-03,80
2019-11-04,262
2019-11-05,84
2019-11-06,452
2019-11-07,199
2019-11-08,99
2019-11-09,474
2019-11-10,209
2019-11-11,176
2019-11-12,177
2019-11-13,231
2019-11-14,88
2019-11-15,92
2019-11-16,189
2019-11-17,321
2019-11-18,17
2019-11-19,469
2019-11-20,337
2019-11-21,471
2019-11-22,409
2019-11-23,6
2019-11-24,326
2019-11-25,421
2019-11-26,475
2019-11-27,334
2019-11-28,492
2019-11-29,19
2019-11-30,289
2019-12-01,492
2019-12-02,456
2019-12-03,1
2019-12-04,85
2019-12-05,454
2019-12-06,333
2019-12-07,270
2019-12-08,483
2019-12-09,425
2019-12-10,72
2019-12-11,96
2019-12-12,380
2019-12-13,291
2019-12-14,467
2019-12-15,357
2019-12-16,149
2019-12-17,339
2019-12-18,155
2019-12-19,25
2019-12-20,272
2019-12-21,332
2019-12-22,500
2019-12-23,8
2019-12-24,135
2019-12-25,197
2019-12-26,403
2019-12-27,206
2019-12-28,276
2019-12-29,404
2019-12-30,121
2019-12-31,192
2020-01-01,311
2020-01-02,418
2020-01-03,382
2020-01-04,90
2020-01-05,232
2020-01-06,118
2020-01-07,252
2020-01-08,267
2020-01-09,160
2020-01-10,253
2020-01-11,447
2020-01-12,74
2020-01-13,246
2020-01-14,235
2020-01-15,447
2020-01-16,170
2020-01-17,211
2020-01-18,313
2020-01-19,367
2020-01-20,439
2020-01-21,64
2020-01-22,63
2020-01-23,190
2020-01-24,44
2020-01-25,377
2020-01-26,308
2020-01-27,293
2020-01-28,17
2020-01-29,1
2020-01-30,242
2020-01-31,440
2020-02-01,17
2020-02-02,347
2020-02-03,472
2020-02-04,247
2020-02-05,455
2020-02-06,402
2020-02-07,366
2020-02-08,67
2020-02-09,382
2020-02-10,346
2020-02-11,96
2020-02-12,263
2020-02-13,193
2020-02-14,44
2020-02-15,236
2020-02-16,21
2020-02-17,423
2020-02-18,263
2020-02-19,10
2020-02-20,160
2020-02-21,157
2020-02-22,172
2020-02-23,434
2020-02-24,384
2020-02-25,249
2020-02-26,297
2020-02-27,134
2020-02-28,110
2020-02-29,315
2020-03-01,312
2020-03-02,449
2020-03-03,433
2020-03-04,291
2020-03-05,116
2020-03-06,64
2020-03-07,135
2020-03-08,185
2020-03-09,281
2020-03-10,210
2020-03-11,348
2020-03-12,246
2020-03-13,481
2020-03-14,400
2020-03-15,333
2020-03-16,471
2020-03-17,100
2020-03-18,494
2020-03-19,16
2020-03-20,275
2020-03-21,53
2020-03-22,164
2020-03-23,148
2020-03-24,33
2020-03-25,278
2020-03-26,290
2020-03-27,38
2020-03-28,134
2020-03-29,13
2020-03-30,209
2020-03-31,82
2020-04-01,17
2020-04-02,185
2020-04-03,68
2020-04-04,152
2020-04-05,18
2020-04-06,259
2020-04-07,26
2020-04-08,449
2020-04-09,75
2020-04-10,485
2020-04-11,171
2020-04-12,63
2020-04-13,255
2020-04-14,128
2020-04-15,24
2020-04-16,264
2020-04-17,292
2020-04-18,343
2020-04-19,95
2020-04-20,432
2020-04-21,145
2020-04-22,233
2020-04-23,287
2020-04-24,496
2020-04-25,45
2020-04-26,175
2020-04-27,305
2020-04-28,105
2020-04-29,271
2020-04-30,109
2020-05-01,98
2020-05-02,186
2020-05-03,123
2020-05-04,29
2020-05-05,480
2020-05-06,336
2020-05-07,377
2020-05-08,106
2020-05-09,73
2020-05-10,497
2020-05-11,223
2020-05-12,273
2020-05-13,64
2020-05-14,332
2020-05-15,43
2020-05-16,260
2020-05-17,55
2020-05-18,309
2020-05-19,13
2020-05-20,430
2020-05-21,187
2020-05-22,437
2020-05-23,176
2020-05-24,324
2020-05-25,404
2020-05-26,281
2020-05-27,237
2020-05-28,84
2020-05-29,335
2020-05-30,196
2020-05-31,112
2020-06-01,233
2020-06-02,411
2020-06-03,107
2020-06-04,308
2020-06-05,101
2020-06-06,191
2020-06-07,158
2020-06-08,75
2020-06-09,52
2020-06-10,170
2020-06-11,310
2020-06-12,103
2020-06-13,68
2020-06-14,497
2020-06-15,85
2020-06-16,413
2020-06-17,57
2020-06-18,94
2020-06-19,463
2020-06-20,8
2020-06-21,334
2020-06-22,430
2020-06-23,298
2020-06-24,98
2020-06-25,9
2020-06-26,256
2020-06-27,427
2020-06-28,51
2020-06-29,17
2020-06-30,309
2020-07-01,249
2020-07-02,110
2020-07-03,51
2020-07-04,444
2020-07-05,340
2020-07-06,497
2020-07-07,129
2020-07-08,136
2020-07-09,440
2020-07-10,344
2020-07-11,499
2020-07-12,61
2020-07-13,486
2020-07-14,147
2020-07-15,378
2020-07-16,174
2020-07-17,105
2020-07-18,410
2020-07-19,423
2020-07-20,21
2020-07-21,420
2020-07-22,373
2020-07-23,433
2020-07-24,102
2020-07-25,226
2020-07-26,420
2020-07-27,91
2020-07-28,187
2020-07-29,462
2020-07-30,174
2020-07-31,16
2020-08-01,467
2020-08-02,128
2020-08-03,436
2020-08-04,99
2020-08-05,88
2020-08-06,61
2020-08-07,495
2020-08-08,110
2020-08-09,170
2020-08-10,118
2020-08-11,290
2020-08-12,175
2020-08-13,34
2020-08-14,127
2020-08-15,498
2020-08-16,165
2020-08-17,145
2020-08-18,307
2020-08-19,29
2020-08-20,396
2020-08-21,402
2020-08-22,495
2020-08-23,232
2020-08-24,63
2020-08-25,310
2020-08-26,254
2020-08-27,49
2020-08-28,142
2020-08-29,119
2020-08-30,474
2020-08-31,236
2020-09-01,92
2020-09-02,160
2020-09-03,464
2020-09-04,307
2020-09-05,412
2020-09-06,342
2020-09-07,376
2020-09-08,419
2020-09-09,362
2020-09-10,493
2020-09-11,122
2020-09-12,405
2020-09-13,408
2020-09-14,474
2020-09-15,20
2020-09-16,150
2020-09-17,314
2020-09-18,454
2020-09-19,29
2020-09-20,275
2020-09-21,140
2020-09-22,40
2020-09-23,432
2020-09-24,92
2020-09-25,416
2020-09-26,397
2020-09-27,388
2020-09-28,252
2020-09-29,493
2020-09-30,42
2020-10-01,9
2020-10-02,438
2020-10-03,264
2020-10-04,49
2020-10-05,48
2020-10-06,369
2020-10-07,370
2020-10-08,245
2020-10-09,22
2020-10-10,139
2020-10-11,267
2020-10-12,183
2020-10-13,147
2020-10-14,392
2020-10-15,4
2020-10-16,215
2020-10-17,116
2020-10-18,362
2020-10-19,99
2020-10-20,434
2020-10-21,150
2020-10-22,460
2020-10-23,41
2020-10-24,270
2020-10-25,431
2020-10-26,226
2020-10-27,190
2020-10-28,429
2020-10-29,28
2020-10-30,24
2020-10-31,302
2020-11-01,81
2020-11-02,492
2020-11-03,180
2020-11-04,153
2020-11-05,344
2020-11-06,289
2020-11-07,90
2020-11-08,137
2020-11-09,47
2020-11-10,389
2020-11-11,177
2020-11-12,94
2020-11-13,57
2020-11-14,222
2020-11-15,393
2020-11-16,375
2020-11-17,411
2020-11-18,195
2020-11-19,266
2020-11-20,316
2020-11-21,417
2020-11-22,387
2020-11-23,88
2020-11-24,367
2020-11-25,477
2020-11-26,387
2020-11-27,85
2020-11-28,400
2020-11-29,197
2020-11-30,47
2020-12-01,207
2020-12-02,443
2020-12-03,165
2020-12-04,267
2020-12-05,183
2020-12-06,136
2020-12-07,312
2020-12-08,428
2020-12-09,291
2020-12-10,13
2020-12-11,17
2020-12-12,485
2020-12-13,157
2020-12-14,250
2020-12-15,420
2020-12-16,82
2020-12-17,281
2020-12-18,499
2020-12-19,415
2020-12-20,365
2020-12-21,97
2020-12-22,484
2020-12-23,231
2020-12-24,29
2020-12-25,178
2020-12-26,135
2020-12-27,416
2020-12-28,402
2020-12-29,140
2020-12-30,282
2020-12-31,310
2021-01-01,153
2021-01-02,326
2021-01-03,390
2021-01-04,62
2021-01-05,411
2021-01-06,274
2021-01-07,448
2021-01-08,244
2021-01-09,483
2021-01-10,476
2021-01-11,266
2021-01-12,251
2021-01-13,19
2021-01-14,196
2021-01-15,413
2021-01-16,274
2021-01-17,380
2021-01-18,455
2021-01-19,53
2021-01-20,431
2021-01-21,26
2021-01-22,174
2021-01-23,492
2021-01-24,492
2021-01-25,247
2021-01-26,169
2021-01-27,336
2021-01-28,447
2021-01-29,62
2021-01-30,263
2021-01-31,80
2021-02-01,425
2021-02-02,340
2021-02-03,52
2021-02-04,320
2021-02-05,94
2021-02-06,70
2021-02-07,155
2021-02-08,475
2021-02-09,157
2021-02-10,266
2021-02-11,169
2021-02-12,371
2021-02-13,54
2021-02-14,370
2021-02-15,77
2021-02-16,424
2021-02-17,306
2021-02-18,353
2021-02-19,312
2021-02-20,448
2021-02-21,206
2021-02-22,322
2021-02-23,468
2021-02-24,250
2021-02-25,107
2021-02-26,325
2021-02-27,241
2021-02-28,249
2021-03-01,161
2021-03-02,457
2021-03-03,257
2021-03-04,232
2021-03-05,37
2021-03-06,247
2021-03-07,68
2021-03-08,405
2021-03-09,417
2021-03-10,376
2021-03-11,139
2021-03-12,341
2021-03-13,59
2021-03-14,364
2021-03-15,428
2021-03-16,370
2021-03-17,275
2021-03-18,15
2021-03-19,304
2021-03-20,198
2021-03-21,224
2021-03-22,316
2021-03-23,164
2021-03-24,332
2021-03-25,189
2021-03-26,144
2021-03-27,265
2021-03-28,293
2021-03-29,96
2021-03-30,457
2021-03-31,304
2021-04-01,372
2021-04-02,3
2021-04-03,252
2021-04-04,472
2021-04-05,251
2021-04-06,354
2021-04-07,323
2021-04-08,35
2021-04-09,144
2021-04-10,191
2021-04-11,471
2021-04-12,435
2021-04-13,425
2021-04-14,112
2021-04-15,187
2021-04-16,424
2021-04-17,406
2021-04-18,10
2021-04-19,232
2021-04-20,455
2021-04-21,334
2021-04-22,1
2021-04-23,291
2021-04-24,379
2021-04-25,295
2021-04-26,158
2021-04-27,341
2021-04-28,406
2021-04-29,196
2021-04-30,433
2021-05-01,12
2021-05-02,284
2021-05-03,322
2021-05-04,21
2021-05-05,498
2021-05-06,258
2021-05-07,466
2021-05-08,84
2021-05-09,495
2021-05-10,301
2021-05-11,339
2021-05-12,411
2021-05-13,490
2021-05-14,310
2021-05-15,257
2021-05-16,372
2021-05-17,106
2021-05-18,462
2021-05-19,297
2021-05-20,143
2021-05-21,415
2021-05-22,392
2021-05-23,416
2021-05-24,496
2021-05-25,125
2021-05-26,161
2021-05-27,353
2021-05-28,188
2021-05-29,451
2021-05-30,21
2021-05-31,110
2021-06-01,323
2021-06-02,41
2021-06-03,173
2021-06-04,182
2021-06-05,108
2021-06-06,45
2021-06-07,174
2021-06-08,146
2021-06-09,376
2021-06-10,86
2021-06-11,273
2021-06-12,233
2021-06-13,20
2021-06-14,164
2021-06-15,238
2021-06-16,497
2021-06-17,343
2021-06-18,48
2021-06-19,132
2021-06-20,270
2021-06-21,407
2021-06-22,227
2021-06-23,267
2021-06-24,132
2021-06-25,336
2021-06-26,95
2021-06-27,15
2021-06-28,184
2021-06-29,369
2021-06-30,121
2021-07-01,338
2021-07-02,325
2021-07-03,266
2021-07-04,322
2021-07-05,96
2021-07-06,481
2021-07-07,352
2021-07-08,489
2021-07-09,182
2021-07-10,332
2021-07-11,36
2021-07-12,263
2021-07-13,427
2021-07-14,182
2021-07-15,182
2021-07-16,323
2021-07-17,11
2021-07-18,362
2021-07-19,399
2021-07-20,497
2021-07-21,0
2021-07-22,191
2021-07-23,317
2021-07-24,364
2021-07-25,143
2021-07-26,401
2021-07-27,328
2021-07-28,493
2021-07-29,468
2021-07-30,384
2021-07-31,348
2021-08-01,459
2021-08-02,225
2021-08-03,335
2021-08-04,97
2021-08-05,3
2021-08-06,426
2021-08-07,293
2021-08-08,367
2021-08-09,337
2021-08-10,341
2021-08-11,409
2021-08-12,319
2021-08-13,310
2021-08-14,189
2021-08-15,115
2021-08-16,433
2021-08-17,33
2021-08-18,427
2021-08-19,14
2021-08-20,143
2021-08-21,419
2021-08-22,415
2021-08-23,253
2021-08-24,389
2021-08-25,35
2021-08-26,65
2021-08-27,371
2021-08-28,122
2021-08-29,323
2021-08-30,282
2021-08-31,274
2021-09-01,137
2021-09-02,344
2021-09-03,431
2021-09-04,140
2021-09-05,154
2021-09-06,131
2021-09-07,64
2021-09-08,22
2021-09-09,419
2021-09-10,311
2021-09-11,462
2021-09-12,447
2021-09-13,488
2021-09-14,195
2021-09-15,175
2021-09-16,84
2021-09-17,23
2021-09-18,354
2021-09-19,18
2021-09-20,240
2021-09-21,372
2021-09-22,242
2021-09-23,102
2021-09-24,294
2021-09-25,352
2021-09-26,324
2021-09-27,20
2021-09-28,183
2021-09-29,468
2021-09-30,330
2021-10-01,213
2021-10-02,129
2021-10-03,382
2021-10-04,54
2021-10-05,62
2021-10-06,228
2021-10-07,120
2021-10-08,282
2021-10-09,112
2021-10-10,349
2021-10-11,163
2021-10-12,382
2021-10-13,362
2021-10-14,152
2021-10-15,474
2021-10-16,243
2021-10-17,122
2021-10-18,73
2021-10-19,293
2021-10-20,100
2021-10-21,246
2021-10-22,443
2021-10-23,210
2021-10-24,136
2021-10-25,265
2021-10-26,495
2021-10-27,83
2021-10-28,137
2021-10-29,472
2021-10-30,284
2021-10-31,101
2021-11-01,492
2021-11-02,269
2021-11-03,376
2021-11-04,289
2021-11-05,111
2021-11-06,255
2021-11-07,106
2021-11-08,165
2021-11-09,105
2021-11-10,416
2021-11-11,54
2021-11-12,50
2021-11-13,213
2021-11-14,116
2021-11-15,250
2021-11-16,436
2021-11-17,55
2021-11-18,201
2021-11-19,436
2021-11-20,347
2021-11-21,178
2021-11-22,15
2021-11-23,325
2021-11-24,477
2021-11-25,406
2021-11-26,172
2021-11-27,414
2021-11-28,336
2021-11-29,90
2021-11-30,182
2021-12-01,135
2021-12-02,44
2021-12-03,323
2021-12-04,51
2021-12-05,214
2021-12-06,98
2021-12-07,81
2021-12-08,209
2021-12-09,184
2021-12-10,404
2021-12-11,96
2021-12-12,28
2021-12-13,346
2021-12-14,371
2021-12-15,370
2021-12-16,162
2021-12-17,300
2021-12-18,480
2021-12-19,94
2021-12-20,448
2021-12-21,22
2021-12-22,486
2021-12-23,26
2021-12-24,357
2021-12-25,253
2021-12-26,414
2021-12-27,452
2021-12-28,125
2021-12-29,343
2021-12-30,436
2021-12-31,34
2022-01-01,379
2022-01-02,41
2022-01-03,341
2022-01-04,492
2022-01-05,127
2022-01-06,26
2022-01-07,195
2022-01-08,215
2022-01-09,384
2022-01-10,360
2022-01-11,325
2022-01-12,20
2022-01-13,437
2022-01-14,162
2022-01-15,337
2022-01-16,293
2022-01-17,226
2022-01-18,35
2022-01-19,309
2022-01-20,2
2022-01-21,73
2022-01-22,386
2022-01-23,10
2022-01-24,484
2022-01-25,370
2022-01-26,355
2022-01-27,177
2022-01-28,112
2022-01-29,110
2022-01-30,239
2022-01-31,183
2022-02-01,337
2022-02-02,271
2022-02-03,281
2022-02-04,419
2022-02-05,469
2022-02-06,403
2022-02-07,13
2022-02-08,126
2022-02-09,286
2022-02-10,35
2022-02-11,58
2022-02-12,429
2022-02-13,201
2022-02-14,159
2022-02-15,262
2022-02-16,464
2022-02-17,330
2022-02-18,268
2022-02-19,51
2022-02-20,375
2022-02-21,494
2022-02-22,392
2022-02-23,367
2022-02-24,212
2022-02-25,305
2022-02-26,17
2022-02-27,487
2022-02-28,1
2022-03-01,84
2022-03-02,398
2022-03-03,149
2022-03-04,135
2022-03-05,216
2022-03-06,369
2022-03-07,412
2022-03-08,441
2022-03-09,201
2022-03-10,144
2022-03-11,223
2022-03-12,35
2022-03-13,411
2022-03-14,121
2022-03-15,1
2022-03-16,350
2022-03-17,19
2022-03-18,119
2022-03-19,380
2022-03-20,1
2022-03-21,416
2022-03-22,71
2022-03-23,450
2022-03-24,250
2022-03-25,241
2022-03-26,31
2022-03-27,39
2022-03-28,371
2022-03-29,203
2022-03-30,461
2022-03-31,304
2022-04-01,439
2022-04-02,401
2022-04-03,479
2022-04-04,250
2022-04-05,450
2022-04-06,354
2022-04-07,317
2022-04-08,276
2022-04-09,223
2022-04-10,125
2022-04-11,231
2022-04-12,35
2022-04-13,228
2022-04-14,391
2022-04-15,147
2022-04-16,205
2022-04-17,161
2022-04-18,495
2022-04-19,457
2022-04-20,74
2022-04-21,119
2022-04-22,306
2022-04-23,378
2022-04-24,72
2022-04-25,74
2022-04-26,333
2022-04-27,161
2022-04-28,409
2022-04-29,280
2022-04-30,403
2022-05-01,28
2022-05-02,355
2022-05-03,160
2022-05-04,162
2022-05-05,321
2022-05-06,308
2022-05-07,233
2022-05-08,489
2022-05-09,8
2022-05-10,43
2022-05-11,337
2022-05-12,187
2022-05-13,11
2022-05-14,474
2022-05-15,281
2022-05-16,64
2022-05-17,459
2022-05-18,313
2022-05-19,94
2022-05-20,144
2022-05-21,461
2022-05-22,423
2022-05-23,399
2022-05-24,296
2022-05-25,105
2022-05-26,300
2022-05-27,369
2022-05-28,83
2022-05-29,106
2022-05-30,285
2022-05-31,78
2022-06-01,42
2022-06-02,301
2022-06-03,285
2022-06-04,470
2022-06-05,39
2022-06-06,2
2022-06-07,139
2022-06-08,268
2022-06-09,100
2022-06-10,441
2022-06-11,19
2022-06-12,148
2022-06-13,469
2022-06-14,183
2022-06-15,34
2022-06-16,308
2022-06-17,277
2022-06-18,60
2022-06-19,97
2022-06-20,443
2022-06-21,159
2022-06-22,152
2022-06-23,87
2022-06-24,229
2022-06-25,310
2022-06-26,304
2022-06-27,233
2022-06-28,104
2022-06-29,413
2022-06-30,381
2022-07-01,75
2022-07-02,470
2022-07-03,485
2022-07-04,57
2022-07-05,293
2022-07-06,101
2022-07-07,454
2022-07-08,88
2022-07-09,46
2022-07-10,251
2022-07-11,197
2022-07-12,95
2022-07-13,425
2022-07-14,436
2022-07-15,202
2022-07-16,483
2022-07-17,21
2022-07-18,373
2022-07-19,223
2022-07-20,153
2022-07-21,60
2022-07-22,257
2022-07-23,348
2022-07-24,156
2022-07-25,353
2022-07-26,382
2022-07-27,60
2022-07-28,442
2022-07-29,277
2022-07-30,152
2022-07-31,235
2022-08-01,428
2022-08-02,426
2022-08-03,495
2022-08-04,259
2022-08-05,389
2022-08-06,376
2022-08-07,23
2022-08-08,372
2022-08-09,24
2022-08-10,92
2022-08-11,398
2022-08-12,290
2022-08-13,401
2022-08-14,77
2022-08-15,495
2022-08-16,463
2022-08-17,194
2022-08-18,342
2022-08-19,15
2022-08-20,176
2022-08-21,183
2022-08-22,93
2022-08-23,208
2022-08-24,282
2022-08-25,246
2022-08-26,194
2022-08-27,434
2022-08-28,456
2022-08-29,424
2022-08-30,82
2022-08-31,330
2022-09-01,265
2022-09-02,11
2022-09-03,462
2022-09-04,478
2022-09-05,214
2022-09-06,470
2022-09-07,150
2022-09-08,202
2022-09-09,101
2022-09-10,278
2022-09-11,45
2022-09-12,162
2022-09-13,279
2022-09-14,290
2022-09-15,77
2022-09-16,159
2022-09-17,264
2022-09-18,17
2022-09-19,190
2022-09-20,334
2022-09-21,79
2022-09-22,286
2022-09-23,451
2022-09-24,342
2022-09-25,197
2022-09-26,175
2022-09-27,122
2022-09-28,31
2022-09-29,466
2022-09-30,86
2022-10-01,150
2022-10-02,97
2022-10-03,308
2022-10-04,425
2022-10-05,324
2022-10-06,291
2022-10-07,309
2022-10-08,181
2022-10-09,181
2022-10-10,356
2022-10-11,90
2022-10-12,434
2022-10-13,305
2022-10-14,94
2022-10-15,360
2022-10-16,35
2022-10-17,172
2022-10-18,381
2022-10-19,464
2022-10-20,224
2022-10-21,207
2022-10-22,345
2022-10-23,440
2022-10-24,489
2022-10-25,304
2022-10-26,443
2022-10-27,370
2022-10-28,218
2022-10-29,483
2022-10-30,80
2022-10-31,205
2022-11-01,234
2022-11-02,198
2022-11-03,61
2022-11-04,98
2022-11-05,71
2022-11-06,31
2022-11-07,170
2022-11-08,497
2022-11-09,289
2022-11-10,476
2022-11-11,39
2022-11-12,166
2022-11-13,338
2022-11-14,237
2022-11-15,500
2022-11-16,463
2022-11-17,381
2022-11-18,378
2022-11-19,295
2022-11-20,28
2022-11-21,59
2022-11-22,470
2022-11-23,428
2022-11-24,374
2022-11-25,258
2022-11-26,496
2022-11-27,250
2022-11-28,398
2022-11-29,322
2022-11-30,9
2022-12-01,317
2022-12-02,48
2022-12-03,114
2022-12-04,217
2022-12-05,274
2022-12-06,247
2022-12-07,224
2022-12-08,487
2022-12-09,219
2022-12-10,18
2022-12-11,344
2022-12-12,155
2022-12-13,8
2022-12-14,140
2022-12-15,453
2022-12-16,259
2022-12-17,247
2022-12-18,280
2022-12-19,386
2022-12-20,396
2022-12-21,27
2022-12-22,72
2022-12-23,298
2022-12-24,289
2022-12-25,285
2022-12-26,149
2022-12-27,218
2022-12-28,473
2022-12-29,269
2022-12-30,436
2022-12-31,16
2023-01-01,347
2023-01-02,277
2023-01-03,432
2023-01-04,224
2023-01-05,385
2023-01-06,123
2023-01-07,409
2023-01-08,272
2023-01-09,399
2023-01-10,86
2023-01-11,180
2023-01-12,327
2023-01-13,218
2023-01-14,287
2023-01-15,39
2023-01-16,103
2023-01-17,184
2023-01-18,454
2023-01-19,45
2023-01-20,379
2023-01-21,463
2023-01-22,350
2023-01-23,244
2023-01-24,472
2023-01-25,33
2023-01-26,346
2023-01-27,159
2023-01-28,493
2023-01-29,453
2023-01-30,494
2023-01-31,186
2023-02-01,336
2023-02-02,23
2023-02-03,157
2023-02-04,373
2023-02-05,417
2023-02-06,13
2023-02-07,263
2023-02-08,336
2023-02-09,83
2023-02-10,209
2023-02-11,283
2023-02-12,244
2023-02-13,452
2023-02-14,283
2023-02-15,413
2023-02-16,88
2023-02-17,427
2023-02-18,326
2023-02-19,72
2023-02-20,177
2023-02-21,137
2023-02-22,459
2023-02-23,113
2023-02-24,303
2023-02-25,430
2023-02-26,218
2023-02-27,400
2023-02-28,434
2023-03-01,75
2023-03-02,474
2023-03-03,207
2023-03-04,493
2023-03-05,245
2023-03-06,56
2023-03-07,459
2023-03-08,374
2023-03-09,27
2023-03-10,303
2023-03-11,107
2023-03-12,458
2023-03-13,369
2023-03-14,224
2023-03-15,93
2023-03-16,416
2023-03-17,8
2023-03-18,25
2023-03-19,84
2023-03-20,49
2023-03-21,88
2023-03-22,48
2023-03-23,350
2023-03-24,36
2023-03-25,284
2023-03-26,27
2023-03-27,259
2023-03-28,494
2023-03-29,95
2023-03-30,214
2023-03-31,38
2023-04-01,373
2023-04-02,54
2023-04-03,351
2023-04-04,54
2023-04-05,91
2023-04-06,352
2023-04-07,429
2023-04-08,363
2023-04-09,401
2023-04-10,145
2023-04-11,335
2023-04-12,101
2023-04-13,137
2023-04-14,457
2023-04-15,46
2023-04-16,165
2023-04-17,30
2023-04-18,272
2023-04-19,183
2023-04-20,324
2023-04-21,197
2023-04-22,235
2023-04-23,34
2023-04-24,460
2023-04-25,498
2023-04-26,14
2023-04-27,7
2023-04-28,469
2023-04-29,298
2023-04-30,146
2023-05-01,393
2023-05-02,144
2023-05-03,102
2023-05-04,467
2023-05-05,212
2023-05-06,496
2023-05-07,183
2023-05-08,448
2023-05-09,120
2023-05-10,225
2023-05-11,431
2023-05-12,136
2023-05-13,280
2023-05-14,81
2023-05-15,435
2023-05-16,426
2023-05-17,218
2023-05-18,142
2023-05-19,146
2023-05-20,276
2023-05-21,334
2023-05-22,246
2023-05-23,98
2023-05-24,116
2023-05-25,189
2023-05-26,268
2023-05-27,165
2023-05-28,248
2023-05-29,108
2023-05-30,236
2023-05-31,161
2023-06-01,441
2023-06-02,248
2023-06-03,215
2023-06-04,171
2023-06-05,54
2023-06-06,9
2023-06-07,170
2023-06-08,324
2023-06-09,483
2023-06-10,446
2023-06-11,293
2023-06-12,267
2023-06-13,171
2023-06-14,367
2023-06-15,250
2023-06-16,419
2023-06-17,41
2023-06-18,116
2023-06-19,475
2023-06-20,376
2023-06-21,390
2023-06-22,124
2023-06-23,291
2023-06-24,120
2023-06-25,426
2023-06-26,365
2023-06-27,264
2023-06-28,408
2023-06-29,381
2023-06-30,404
2023-07-01,54
2023-07-02,144
2023-07-03,204
2023-07-04,371
2023-07-05,251
2023-07-06,230
2023-07-07,24
2023-07-08,317
2023-07-09,203
2023-07-10,381
2023-07-11,143
2023-07-12,373
2023-07-13,97
2023-07-14,246
2023-07-15,136
2023-07-16,368
2023-07-17,203
2023-07-18,498
2023-07-19,396
2023-07-20,74
2023-07-21,305
2023-07-22,286
2023-07-23,208
2023-07-24,175
2023-07-25,77
2023-07-26,366
2023-07-27,196
2023-07-28,292
2023-07-29,246
2023-07-30,439
2023-07-31,370
2023-08-01,53
2023-08-02,223
2023-08-03,168
2023-08-04,128
2023-08-05,492
2023-08-06,151
2023-08-07,475
2023-08-08,97
2023-08-09,308
2023-08-10,480
2023-08-11,260
2023-08-12,382
2023-08-13,467
2023-08-14,82
2023-08-15,117
2023-08-16,340
2023-08-17,263
2023-08-18,350
2023-08-19,434
2023-08-20,210
2023-08-21,281
2023-08-22,240
2023-08-23,483
2023-08-24,207
2023-08-25,391
2023-08-26,266
2023-08-27,12
2023-08-28,456
2023-08-29,278
2023-08-30,416
2023-08-31,436
2023-09-01,376
2023-09-02,137
2023-09-03,454
2023-09-04,329
2023-09-05,370
2023-09-06,307
2023-09-07,462
2023-09-08,233
2023-09-09,276
2023-09-10,203
2023-09-11,194
2023-09-12,428
2023-09-13,454
2023-09-14,143
2023-09-15,241
2023-09-16,16
2023-09-17,103
2023-09-18,92
2023-09-19,242
2023-09-20,181
2023-09-21,433
2023-09-22,354
2023-09-23,375
2023-09-24,323
2023-09-25,333
2023-09-26,479
2023-09-27,282
2023-09-28,10
2023-09-29,167
2023-09-30,200
2023-10-01,390
2023-10-02,284
2023-10-03,241
2023-10-04,242
2023-10-05,66
2023-10-06,188
2023-10-07,74
2023-10-08,473
2023-10-09,316
2023-10-10,265
2023-10-11,414
2023-10-12,446
2023-10-13,49
2023-10-14,474
2023-10-15,206
2023-10-16,330
2023-10-17,217
2023-10-18,259
2023-10-19,225
2023-10-20,173
2023-10-21,97
2023-10-22,454
2023-10-23,364
2023-10-24,369
2023-10-25,226
2023-10-26,358
2023-10-27,444
2023-10-28,137
2023-10-29,328
2023-10-30,442
2023-10-31,361
2023-11-01,166
2023-11-02,493
2023-11-03,87
2023-11-04,362
2023-11-05,218
2023-11-06,359
2023-11-07,21
2023-11-08,283
2023-11-09,182
2023-11-10,302
2023-11-11,241
2023-11-12,350
2023-11-13,360
2023-11-14,314
2023-11-15,157
2023-11-16,290
2023-11-17,381
2023-11-18,298
2023-11-19,419
2023-11-20,52
2023-11-21,217
2023-11-22,195
2023-11-23,459
2023-11-24,120
2023-11-25,337
2023-11-26,394
2023-11-27,364
2023-11-28,122
2023-11-29,317
2023-11-30,419
2023-12-01,25
2023-12-02,149
2023-12-03,498
2023-12-04,30
2023-12-05,377
2023-12-06,334
2023-12-07,77
2023-12-08,424
2023-12-09,127
2023-12-10,259
2023-12-11,223
2023-12-12,330
2023-12-13,378
2023-12-14,146
2023-12-15,455
2023-12-16,471
2023-12-17,259
2023-12-18,495
2023-12-19,337
2023-12-20,16
2023-12-21,351
2023-12-22,400
2023-12-23,134
2023-12-24,140
2023-12-25,369
2023-12-26,160
2023-12-27,357
2023-12-28,476
2023-12-29,440
2023-12-30,474
2023-12-31,111
2024-01-01,343
2024-01-02,65
2024-01-03,280
2024-01-04,485
2024-01-05,451
2024-01-06,459
2024-01-07,395
2024-01-08,54
2024-01-09,407
2024-01-10,175
2024-01-11,191
2024-01-12,216
2024-01-13,13
2024-01-14,424
2024-01-15,124
2024-01-16,274
2024-01-17,350
2024-01-18,224
2024-01-19,237
2024-01-20,127
2024-01-21,174
2024-01-22,45
2024-01-23,259
2024-01-24,307
2024-01-25,77
2024-01-26,299
2024-01-27,89
2024-01-28,293
2024-01-29,363
2024-01-30,118
2024-01-31,412
2024-02-01,295
2024-02-02,235
2024-02-03,313
2024-02-04,339
2024-02-05,345
2024-02-06,115
2024-02-07,156
2024-02-08,342
2024-02-09,296
2024-02-10,261
2024-02-11,290
2024-02-12,296
2024-02-13,329
2024-02-14,330
2024-02-15,117
2024-02-16,300
2024-02-17,167
2024-02-18,271
2024-02-19,165
2024-02-20,43
2024-02-21,177
2024-02-22,417
2024-02-23,65
2024-02-24,121
2024-02-25,47
2024-02-26,51
2024-02-27,287
2024-02-28,78
2024-02-29,146
2024-03-01,312
2024-03-02,406
2024-03-03,26
2024-03-04,473
2024-03-05,255
2024-03-06,50
2024-03-07,64
2024-03-08,89
2024-03-09,271
2024-03-10,433
2024-03-11,267
2024-03-12,234
2024-03-13,454
2024-03-14,484
2024-03-15,323
2024-03-16,175
2024-03-17,377
2024-03-18,137
2024-03-19,24
2024-03-20,93
2024-03-21,355
2024-03-22,399
2024-03-23,487
2024-03-24,184
2024-03-25,459
2024-03-26,133
2024-03-27,10
2024-03-28,377
2024-03-29,246
2024-03-30,387
2024-03-31,340
2024-04-01,33
2024-04-02,402
2024-04-03,486
2024-04-04,452
2024-04-05,124
2024-04-06,263
2024-04-07,328
2024-04-08,15
2024-04-09,240
2024-04-10,383
2024-04-11,338
2024-04-12,296
2024-04-13,72
2024-04-14,438
2024-04-15,263
2024-04-16,471
2024-04-17,358
2024-04-18,66
2024-04-19,126
2024-04-20,9
2024-04-21,16
2024-04-22,41
2024-04-23,151
2024-04-24,353
2024-04-25,320
2024-04-26,309
2024-04-27,84
2024-04-28,344
2024-04-29,483
2024-04-30,179
2024-05-01,3
2024-05-02,201
2024-05-03,168
2024-05-04,329
2024-05-05,169
2024-05-06,375
2024-05-07,420
2024-05-08,416
2024-05-09,275
2024-05-10,63
2024-05-11,494
2024-05-12,335
2024-05-13,238
2024-05-14,44
2024-05-15,104
2024-05-16,416
2024-05-17,227
2024-05-18,255
2024-05-19,132
2024-05-20,375
2024-05-21,199
2024-05-22,367
2024-05-23,453
2024-05-24,26
2024-05-25,416
2024-05-26,342
2024-05-27,253
2024-05-28,44
2024-05-29,269
2024-05-30,371
2024-05-31,59
2024-06-01,426
2024-06-02,485
2024-06-03,268
2024-06-04,189
2024-06-05,327
2024-06-06,275
2024-06-07,165
2024-06-08,290
2024-06-09,342
2024-06-10,479
2024-06-11,467
2024-06-12,137
2024-06-13,323
2024-06-14,296
2024-06-15,50
2024-06-16,55
2024-06-17,131
2024-06-18,355
2024-06-19,280
2024-06-20,311
2024-06-21,234
2024-06-22,405
2024-06-23,65
2024-06-24,263
2024-06-25,26
2024-06-26,354
2024-06-27,294
2024-06-28,451
2024-06-29,59
2024-06-30,498
2024-07-01,214
2024-07-02,128
2024-07-03,57
2024-07-04,64
2024-07-05,263
2024-07-06,297
2024-07-07,295
2024-07-08,304
2024-07-09,125
2024-07-10,487
2024-07-11,294
2024-07-12,493
2024-07-13,218
2024-07-14,200
2024-07-15,437
2024-07-16,485
2024-07-17,359
2024-07-18,144
2024-07-19,228
2024-07-20,371
2024-07-21,20
2024-07-22,164
2024-07-23,280
2024-07-24,97
2024-07-25,389
2024-07-26,276
2024-07-27,410
2024-07-28,336
2024-07-29,480
2024-07-30,62
2024-07-31,436
2024-08-01,347
2024-08-02,440
2024-08-03,115
2024-08-04,102
2024-08-05,396
2024-08-06,453
2024-08-07,346
2024-08-08,482
2024-08-09,373
2024-08-10,490
2024-08-11,102
2024-08-12,362
2024-08-13,432
2024-08-14,272
2024-08-15,408
2024-08-16,112
2024-08-17,125
2024-08-18,449
2024-08-19,393
2024-08-20,41
2024-08-21,397
2024-08-22,406
2024-08-23,25
2024-08-24,12
2024-08-25,496
2024-08-26,105
2024-08-27,293
2024-08-28,167
2024-08-29,56
2024-08-30,211
2024-08-31,45
2024-09-01,458
2024-09-02,86
2024-09-03,307
2024-09-04,133
2024-09-05,436
2024-09-06,92
2024-09-07,319
2024-09-08,259
2024-09-09,102
2024-09-10,207
2024-09-11,415
2024-09-12,372
2024-09-13,313
2024-09-14,186
2024-09-15,18
2024-09-16,79
2024-09-17,251
2024-09-18,206
2024-09-19,262
2024-09-20,385
2024-09-21,229
2024-09-22,371
2024-09-23,432
2024-09-24,375
2024-09-25,265
2024-09-26,118
2024-09-27,129
2024-09-28,468
2024-09-29,284
2024-09-30,415
2024-10-01,38
2024-10-02,109
2024-10-03,455
2024-10-04,398
2024-10-05,211
2024-10-06,35
2024-10-07,53
2024-10-08,288
2024-10-09,258
2024-10-10,63
2024-10-11,116
2024-10-12,229
2024-10-13,36
2024-10-14,22
2024-10-15,467
2024-10-16,93
2024-10-17,178
2024-10-18,429
2024-10-19,357
2024-10-20,313
2024-10-21,291
2024-10-22,30
2024-10-23,201
2024-10-24,172
2024-10-25,278
2024-10-26,113
2024-10-27,34
2024-10-28,99
2024-10-29,165
2024-10-30,246
2024-10-31,285
2024-11-01,65
2024-11-02,442
2024-11-03,67
2024-11-04,425
2024-11-05,121
2024-11-06,287
2024-11-07,146
2024-11-08,349
2024-11-09,328
2024-11-10,390
2024-11-11,400
2024-11-12,81
2024-11-13,62
2024-11-14,352
2024-11-15,480
2024-11-16,173
2024-11-17,172
2024-11-18,143
2024-11-19,215
2024-11-20,244
2024-11-21,206
2024-11-22,463
2024-11-23,309
2024-11-24,404
2024-11-25,106
2024-11-26,396
2024-11-27,354
2024-11-28,279
2024-11-29,293
2024-11-30,322
2024-12-01,41
2024-12-02,71
2024-12-03,492
2024-12-04,498
2024-12-05,91
2024-12-06,442
2024-12-07,92
2024-12-08,383
2024-12-09,61
2024-12-10,142
2024-12-11,323
2024-12-12,469
2024-12-13,106
2024-12-14,215
2024-12-15,160
2024-12-16,184
2024-12-17,451
2024-12-18,6
2024-12-19,125
2024-12-20,252
2024-12-21,405
2024-12-22,102
2024-12-23,190
2024-12-24,421
2024-12-25,406
2024-12-26,215
2024-12-27,54
2024-12-28,364
2024-12-29,83
2024-12-30,479
2024-12-31,62
